$,$2,$4,"'""unstable_revalidate"" has been renamed to ""revalidate""'",'#hello-link','#index-page','#link','#params','#pathname','#query','#something-else-link','#something-else-page','#time','/','/0','/api/manual-revalidate','/blocking-fallback/test-if-generated-2','/blocking-fallback/test-manual-1','/blog/first','/hello','1','?query=true','current-locale',"'get redirected to the new page, from: %s to: sv'",'hello','manual','next.router.isReady','p','should allow URL query strings on index without refresh','should allow URL query strings without refresh','should correctly replace state when same asPath but different url','should handle manual revalidate for fallback: blocking','should manual revalidate for fallback: blocking with onlyGenerated if generated','should not error when rewriting to fallback dynamic SSG page','should not re-execute the script when re-rendering','should of formatted build output correctly','should restore the scroll position on navigating forward','should show error about renaming unstable_revalidate','success','sv',"'window.itdidnotrefresh = ""hello""'",'window.itdidnotrefresh','window.location.pathname','window.location.search','x-nextjs-cache','x-vercel-cache',/(HIT|STALE)/,/MISS/,/Post:.*?test-if-generated-2/,/Post:.*?test-manual-1/,/\+2 more paths/,/routeChangeComplete/,/○ \/normal/,/● \/blog\/\[post\]/,0,1,100,1000,10000,2,200,500,Array,Date,JSON,Math,Promise,RegExp,`${,`/some-rewrite/${,`Post: post-${,`post-${,`window.next.router.push('/1')`,`window.next.router.push('/2')`,any,as,assert,async,await,back,basePath,beforeRevalidate,browser,cacheHeader,check,cheerio,cliOutput,click,close,const,deprecated,dev,document,documentElement,each,elementByCss,elementById,equal,eval,expect,false,fetchViaHTTP,finally,floor,forward,get,global,hasRedbox,headers,history,html,html2,html4,if,initialTime,innerHTML,isDeploy,isDev,isReady,it,item,json,load,locale,locales,new,next,not,now,number,onlyGenerated,parse,pathname,post,push,querySelector,random,redirect,refresh,reject,res,res2,res3,res4,resolve,return,revalidateData,revalidated,round,runTests,scrollIntoView,scrollPositionMemories,scrollRestoration,scrollX,scrollY,setTimeout,status,test,text,toBe,toContain,toEqual,toMatch,true,try,url,waitForCacheWrite,waitForElementByCss,webdriver,window,x,y,}/?query=true`,}/`,}/hello/?query=true`,}/hello/`,}/to-sv`,}`,id
0,0,0,0,0,0,0,0,0,0,0,0,0,0,0,0,0,0,0,0,0,0,0,0,0,0,0,0,0,0,0,0,0,0,0,0,0,0,0,0,0,0,0,0,0,0,0,0,0,0,0,0,0,0,0,0,0,0,0,0,0,0,0,0,0,0,0,0,0,0,0,0,0,0,0,0,0,0,1,0,0,0,1,0,0,0,0,0,0,0,0,0,0,0,0,0,0,0,0,0,0,0,0,0,0,0,0,0,0,0,0,0,0,0,0,0,0,0,0,0,0,0,0,1,0,0,0,0,0,0,0,0,0,0,0,0,0,0,0,0,0,0,0,0,0,0,0,0,0,0,0,0,0,0,0,0,0,0,0,0,0,0,0,0,0,0,0,0,0,0,0,0,0,0,0,0,0,0,https://github.com/vercel/next.js/blob/99490de928fa6a5309e1f52523438b74a2b4dbd6/test/e2e/i18n-ignore-redirect-source-locale/redirects-with-basepath.test.ts_57
2,1,1,0,0,0,0,0,0,0,0,0,2,0,0,0,4,0,0,0,0,0,0,0,0,0,0,0,0,0,0,0,0,0,0,0,0,0,0,0,0,0,0,0,2,0,1,0,0,0,0,0,0,0,0,0,0,0,0,0,0,0,0,0,0,0,0,0,0,0,0,0,0,0,0,0,0,0,8,0,0,1,0,0,0,2,0,0,0,12,0,0,0,0,0,0,0,0,0,7,0,3,0,0,0,2,0,0,2,0,1,1,1,0,2,0,0,0,0,0,0,0,2,0,0,0,3,0,0,0,0,0,0,0,0,0,0,0,0,0,2,2,2,2,0,0,1,0,0,0,0,0,0,0,0,0,0,0,6,3,0,0,3,0,0,3,0,0,0,0,0,0,0,0,0,0,0,0,https://github.com/vercel/next.js/blob/99490de928fa6a5309e1f52523438b74a2b4dbd6/test/e2e/prerender.test.ts_2232
0,0,0,0,0,0,0,0,0,0,0,0,0,0,0,0,0,0,0,0,0,0,0,0,0,0,0,0,0,0,0,0,0,0,0,0,0,0,0,0,0,0,0,0,0,0,0,0,0,0,0,0,0,0,0,0,0,0,0,0,0,0,0,0,0,0,0,0,0,0,0,0,0,0,0,0,0,0,0,0,0,0,0,0,0,0,0,0,0,0,0,0,0,0,0,0,0,0,0,1,0,0,0,0,0,0,0,0,0,0,0,0,0,0,0,0,0,0,0,0,0,0,0,0,0,0,1,0,0,0,0,0,0,0,0,0,0,0,0,0,1,0,0,0,0,0,0,0,0,0,0,0,0,0,0,0,0,0,0,0,0,0,0,0,0,0,0,0,0,0,0,0,0,0,0,0,0,0,https://github.com/vercel/next.js/blob/99490de928fa6a5309e1f52523438b74a2b4dbd6/test/e2e/prerender.test.ts_756
2,1,1,0,0,0,0,0,0,0,0,0,2,0,0,0,0,4,0,0,0,0,0,0,0,0,0,0,0,0,0,0,0,0,0,0,0,0,1,0,0,0,0,0,0,0,1,0,0,0,0,0,0,0,0,0,0,0,0,0,0,0,0,0,0,0,0,0,0,0,0,0,0,0,0,0,0,1,9,0,0,1,0,3,0,2,0,0,0,13,0,0,0,0,0,0,0,0,0,7,0,3,0,0,0,2,0,0,2,0,1,1,1,1,2,0,2,0,0,0,0,0,2,0,0,0,3,0,0,0,0,0,0,0,0,0,0,0,0,0,2,2,2,2,0,0,1,0,0,0,0,0,0,0,0,0,0,0,6,3,0,0,3,0,0,3,0,0,0,0,0,0,0,0,0,0,0,0,https://github.com/vercel/next.js/blob/99490de928fa6a5309e1f52523438b74a2b4dbd6/test/e2e/prerender.test.ts_2091
0,0,0,0,0,0,0,0,0,0,1,1,0,0,0,0,0,0,0,0,0,0,0,0,0,0,0,0,0,0,0,0,0,0,0,0,0,0,0,0,0,0,0,0,0,0,0,0,0,0,0,0,0,0,0,0,0,0,0,0,0,0,0,0,0,0,0,0,0,0,0,0,0,0,0,0,0,0,9,0,0,0,9,0,0,0,0,1,0,0,0,0,0,0,0,1,0,0,0,0,0,0,0,0,0,0,0,0,0,0,0,0,0,0,0,0,0,0,0,0,0,0,0,0,0,0,0,0,0,0,0,0,0,0,0,0,0,0,0,0,0,0,0,0,0,0,0,0,0,0,0,0,0,0,0,0,0,0,0,0,0,0,0,0,0,0,0,3,0,0,0,0,0,0,0,0,0,0,https://github.com/vercel/next.js/blob/99490de928fa6a5309e1f52523438b74a2b4dbd6/test/e2e/basepath-trailing-slash.test.ts_83
0,0,0,0,0,0,0,0,0,0,0,0,0,1,0,0,0,0,0,0,0,0,0,0,0,0,0,0,0,0,0,0,0,0,0,0,0,0,0,0,0,0,0,0,0,0,0,0,0,0,0,0,0,0,0,0,0,0,0,0,0,0,0,0,0,0,0,0,0,0,0,0,0,0,0,0,0,0,8,0,1,0,7,0,0,0,0,0,0,1,0,1,0,0,0,0,0,0,3,4,1,0,0,0,0,0,0,0,0,0,0,0,0,0,0,0,0,0,0,0,0,0,0,0,0,0,0,0,0,0,0,0,1,0,0,0,0,0,0,0,0,0,0,0,1,0,0,0,0,0,0,0,0,0,0,0,0,0,0,4,0,0,0,0,0,0,0,0,0,0,0,0,0,0,0,0,0,0,https://github.com/vercel/next.js/blob/99490de928fa6a5309e1f52523438b74a2b4dbd6/test/e2e/basepath-trailing-slash.test.ts_57
0,0,0,0,0,0,0,0,0,0,0,0,0,0,0,0,0,0,0,0,0,0,0,0,0,0,0,0,0,0,0,0,0,0,0,0,0,0,0,0,0,0,0,0,0,0,0,0,0,0,0,0,0,0,0,0,0,0,0,0,0,0,0,0,0,0,0,0,0,0,0,0,0,0,0,0,0,0,0,0,0,0,0,0,0,0,0,0,0,0,0,0,0,0,0,0,0,0,0,0,0,0,0,0,0,0,0,0,0,0,0,0,0,0,0,0,0,0,0,0,0,0,0,0,0,0,0,0,0,0,0,0,0,0,0,0,0,0,0,0,0,0,0,0,0,0,0,0,0,0,0,0,0,0,0,0,0,0,0,0,0,0,0,0,0,0,0,0,0,0,0,0,0,0,0,0,0,0,https://github.com/vercel/next.js/blob/99490de928fa6a5309e1f52523438b74a2b4dbd6/test/e2e/nonce-head-manager/index.test.ts_49
0,0,0,0,0,0,2,0,0,0,0,0,0,0,0,0,0,0,0,0,0,0,0,0,0,0,0,0,0,0,0,0,0,0,0,0,0,0,5,0,0,0,0,0,0,0,0,0,0,0,0,1,0,0,3,1,0,0,0,1,0,0,0,0,0,9,0,0,0,0,0,0,0,0,0,0,3,3,27,1,0,0,24,0,4,0,0,0,0,3,0,0,4,1,0,0,0,3,18,2,0,0,0,9,1,0,0,0,0,0,0,0,0,0,0,1,0,0,2,0,0,0,0,0,0,0,0,1,0,1,0,0,0,0,2,2,0,0,0,0,0,0,0,0,0,2,0,0,0,0,2,9,2,4,4,0,0,0,0,2,0,0,0,0,0,0,0,0,0,10,6,6,0,0,0,0,0,0,https://github.com/vercel/next.js/blob/99490de928fa6a5309e1f52523438b74a2b4dbd6/test/e2e/reload-scroll-backforward-restoration/index.test.ts_96
0,0,0,0,0,0,0,0,0,0,0,0,0,0,0,0,0,0,0,0,0,0,0,0,0,0,0,0,0,0,0,0,0,0,0,0,0,0,0,0,0,0,0,0,0,0,0,0,0,0,0,0,0,0,0,0,0,0,0,0,0,0,0,0,0,0,0,0,0,0,0,0,0,0,0,0,0,0,0,0,0,0,0,0,0,0,2,0,0,0,0,0,0,0,0,0,0,0,0,2,0,0,0,0,0,0,0,0,0,0,0,0,0,0,0,0,0,0,0,0,0,0,0,0,0,0,2,0,0,0,0,0,0,0,0,0,0,0,0,0,0,0,0,0,0,0,0,0,0,0,0,0,0,0,0,0,0,0,0,0,0,0,2,0,0,0,0,0,0,0,0,0,0,0,0,0,0,0,https://github.com/vercel/next.js/blob/99490de928fa6a5309e1f52523438b74a2b4dbd6/test/e2e/prerender.test.ts_2058
0,0,0,0,0,0,0,0,0,0,0,0,0,0,0,0,0,0,0,0,0,0,0,0,0,0,0,0,0,0,0,0,0,0,0,0,0,0,0,0,0,0,0,0,0,0,0,0,0,0,0,0,0,0,0,0,0,0,0,0,0,0,0,0,0,0,0,0,1,0,0,0,0,0,0,0,0,0,8,0,1,0,7,0,0,0,0,0,0,1,0,1,0,0,0,0,0,0,3,4,1,0,0,0,0,0,0,0,0,0,0,0,0,0,0,0,0,0,0,0,0,0,0,0,0,0,0,0,0,0,0,0,1,0,0,0,0,0,0,0,0,0,0,0,1,0,0,0,0,0,0,0,0,0,0,0,0,0,0,4,0,0,0,0,0,0,0,0,0,0,0,0,0,0,0,0,0,0,https://github.com/vercel/next.js/blob/99490de928fa6a5309e1f52523438b74a2b4dbd6/test/e2e/basepath-trailing-slash.test.ts_31
0,0,0,0,0,0,0,0,0,0,0,0,0,0,0,0,0,0,0,0,0,0,0,0,0,0,0,0,0,0,0,0,0,0,0,0,0,0,0,0,0,0,0,0,0,0,0,0,0,0,0,0,0,0,0,0,0,0,0,0,0,0,0,0,1,1,0,0,0,0,0,1,0,0,0,0,0,0,3,0,0,0,3,0,0,0,0,0,0,1,0,0,0,0,0,2,0,0,0,1,0,0,0,0,0,0,0,0,0,0,0,0,0,0,0,0,0,0,0,0,4,0,0,0,0,0,0,0,0,0,0,1,0,1,0,0,0,0,0,0,0,0,0,0,0,0,0,0,0,0,0,0,0,0,0,0,0,0,2,0,0,1,0,0,0,0,0,0,0,0,0,0,0,0,0,0,0,3,https://github.com/vercel/next.js/blob/99490de928fa6a5309e1f52523438b74a2b4dbd6/test/e2e/prerender.test.ts_940
